Begriff,Assoziations-Score
abdämmen,2.333333333333333
Abdichtung,1.0
Abfall,1.0
Abfallbeseitigung,2.0
Abfalldeponie,1.333333333333333
Abfalldeponierung,1.333333333333333
Abfallentsorgung,2.0
Abfallerzeugnis,1.0
Abfallgesetz,3.0
Abfallhalde,1.333333333333333
Abfallprodukt,1.0
Abfallsack,1.333333333333333
Abfallsammlung,1.333333333333333
Abfallstoff,1.0
Abfalltrennung,2.0
Abfallvermeidung,4.0
Abgasableitung,1.0
Abgasemission,3.666666666666667
Abgasentgiftungsanlage,2.0
Abgasnachbehandlung,2.0
Abgasnorm,3.666666666666667
Abgasreinigung,2.0
Abgasrückführung,2.0
Abgasschlauch,1.0
Abgasschläuche,1.0
Abgassystem,2.0
Abgasverbrennung,1.0
Abgasverstromung,3.333333333333333
abgaswärmetausch,2.333333333333333
Abluft,1.333333333333333
Abluftreinigung,2.0
Abluftsystem,1.0
Abluftverbrennung,2.333333333333333
Absaughaube,1.333333333333333
Abwärme,3.333333333333333
Abwärmenutzung,4.0
Abwasser,1.333333333333333
Abwässer,1.333333333333333
Abwasseraufbereitung,2.333333333333333
Abwasserbehandlung,2.0
Abwasserbehandlungsanlage,2.0
Abwasserbeseitigung,1.0
Abwasserentsorgung,1.333333333333333
Abwasserfilterung,2.0
Abwassergebühr,2.0
Abwasserneutralisierung,1.666666666666667
Abwasserreinigung,1.666666666666667
Abwasserreinigungsanlage,2.0
Abwassersammlung,1.333333333333333
Abwassersystem,1.0
Abwassertransport,1.333333333333333
Ackerbau,1.0
Ackerrandstreifen,3.666666666666667
Adaptive verbundwerkstoffe,2.333333333333333
Adaptive werkstoffe,2.333333333333333
Aerodynamik,1.333333333333333
aerodynamisch,1.333333333333333
Aerosolanlagen,2.0
Aerosol-löschanlage,2.0
agrar-,1.0
Agrarerzeugnis,1.0
Agrarkultur,1.0
Agrarökosystem,4.0
Agrarpolitik,1.666666666666667
Agrarprodukt,1.0
Agrarreform,2.666666666666667
Agrartechnik,1.666666666666667
Agrarwirtschaft,1.0
Agrikultur,1.0
Aktivkohlefilter,1.333333333333333
Alleebäume,2.666666666666667
Alpenpflanze,1.666666666666667
Altautoverwertung,2.333333333333333
Altbausanierung,2.333333333333333
Altdeponie,1.333333333333333
Alteisen,1.0
Alternative antriebe,3.666666666666667
Alternative energie,4.0
Alternative kraftstoffe,3.333333333333333
Altfahrzeug,1.333333333333333
Altglas,1.333333333333333
Altholz,1.333333333333333
Altkleider,2.333333333333333
Altkunststoff,2.0
Altlast,1.0
Altlastenanalytik,3.0
Altlastenbewertung,3.0
Altlastenerfassung,3.0
Altlastenerkundung,3.0
Altlastensanierung,2.666666666666667
Altlastensicherung,3.0
Altlastenuntersuchung,2.666666666666667
Altmaterial,1.666666666666667
Altmetall,1.0
Altölaufbereitung,2.666666666666667
Altpapier,1.0
Altreifen,1.0
Altstoff,1.666666666666667
Altstoffverwertung,3.333333333333333
Altwagen,1.333333333333333
Amphibienschutz,4.333333333333333
Anlagentechnologie,1.0
anpflanzen,1.666666666666667
anteil erneuerbar,4.0
Aquakulturtechnik,1.666666666666667
Archäophyt,1.666666666666667
Artenfülle,4.666666666666667
Artenreichtum,4.666666666666667
Artenschutz,4.666666666666667
Artenschutzgutachten,4.0
Artensterben,4.0
Artenvielfalt,4.666666666666667
Asbestsanierung,2.333333333333333
Atommüll,1.666666666666667
Aufbereitungssystem,2.333333333333333
Aufforstung,4.0
Aufpflasterung,1.666666666666667
ausbau erneuerbar,4.0
Ausbau netze,1.0
ausbau regenerativ,3.0
Außendämmung,3.0
Autogasanlage,1.0
Autogasfilter,1.333333333333333
Automatisierungslösung,1.0
Automatisierungstechnik,1.0
Batterie,1.666666666666667
Batteriekraftwerke,3.333333333333333
Batterietechnologie,2.666666666666667
Bauabfall,1.0
baubiologisch,3.333333333333333
Bäuerliche landwirtschaft,1.333333333333333
Bauernladen,3.333333333333333
Bauernschaft,1.0
Baugrundberatung,1.666666666666667
Baugrunduntersuchung,1.666666666666667
Baumpflanzung,4.0
Baumschutz,4.666666666666667
Baunutzungsverordnung,1.0
Bauschadstoffuntersuchung,2.0
Bauschaum,1.0
Bauschutt,1.0
Bauschuttaufbereitung,2.666666666666667
Bauschuttdeponie,1.0
Baustoffkunde,1.0
Bauteiloptimierung,1.333333333333333
Begasung,1.0
Begleitpflanze,1.666666666666667
Begrünung,3.333333333333333
Belastetes wasser,1.0
Bepflanzung,3.333333333333333
Beprobung,1.666666666666667
Berglandwirtschaft,1.0
Bergpark,1.666666666666667
Betonsanierung,2.0
Bezirksschornsteinfeger,1.0
Bezirksschornsteinfegerin,1.0
Bhkw,2.333333333333333
Bienen,3.333333333333333
Bienenvölker,3.333333333333333
Bienenzüchter,2.333333333333333
Bienenzüchterin,2.333333333333333
Bike,3.333333333333333
Bioabfall,2.0
Bio-bergbau,3.333333333333333
Biobetrieb,4.0
Biodiesel,3.0
Biodiversität,4.333333333333333
Biodiversity,4.333333333333333
Biodünger,3.666666666666667
Bioenergie,4.0
Bioerdgas,2.666666666666667
Bioethanol,3.0
Biogas,3.333333333333333
Biogasanlage,3.333333333333333
Biogaserzeugung,3.333333333333333
Biogasproduktion,3.333333333333333
Biogen,1.0
Bio-heizöl,3.0
Bioinformatik,1.666666666666667
Biokerosin,3.0
Bio-kerosin,3.0
Biokraftstoff,3.0
Biokraftwerk,3.0
Biokreis,4.0
Biokunststoff,3.0
Bioladen,4.0
Bio-laden,4.0
Bioland,4.0
Biolandbau,4.0
Biolandwirtschaft,4.0
Bio-landwirtschaft,4.0
biologisch,2.0
biologisch-dynamisch,4.0
Biologische vielfalt,4.0
Biologischer anbau,3.666666666666667
Bio,4.0
Biomarkt,4.333333333333333
Biomasse,2.666666666666667
Biomasseanlagen,3.333333333333333
Biomasse-heizkraftwerk,3.333333333333333
Biomassenerzeugung,3.333333333333333
Biomassenutzung,3.333333333333333
Biomethan,3.666666666666667
Biomining,1.666666666666667
Bionik,1.666666666666667
bionisch,1.666666666666667
Biopark,4.0
Bio-passivhaus,4.0
biophysikalisch,1.0
Bioprozesstechnik,1.666666666666667
Bio-qualität,3.666666666666667
Bioraffinerie,3.0
Bioreaktor,3.333333333333333
Bio-siegel,4.0
Biosprit,3.0
Biotech,1.666666666666667
Biotechnologie,1.666666666666667
Biotechnologieunternehmen,1.666666666666667
biotechnologisch,1.666666666666667
Biotop,3.0
Biotoppflege,4.0
Bioverfahrenstechnik,1.666666666666667
Biowissenschaft,1.0
bio-zeich,4.0
Biozucht,4.0
Blauer engel,4.333333333333333
Blockheizkraftwerk,2.333333333333333
Blühflächen,3.333333333333333
Blume,1.666666666666667
Blütenpflanze,2.333333333333333
bmw i8,3.0
Bmx-rad,2.0
Bodenaustausch,2.0
Bodendecker,1.666666666666667
Bodendekontaminierung,2.333333333333333
Bodenluftabsaugung,2.0
Bodenluftprobe,1.666666666666667
Bodenluftsanierung,2.0
Bodennutzung,1.0
Bodenreinigung,1.666666666666667
Bodensanierung,2.333333333333333
Bodenschutz,3.666666666666667
Bodenuntersuchung,2.0
Bodenverbesserung,2.333333333333333
bodenwäsch,2.0
Brandsanierung,2.0
Brandschutz,1.333333333333333
Brandschutzauflagen,1.0
Brandschutzmaßnahmen,1.0
Brandschutzsanierung,2.0
Brauchwasserversorgung,2.0
Brauchwasserverwendung,2.333333333333333
Bremsenergie,2.333333333333333
Bremsenergierückgewinnung,3.0
Brennstoffzelle ,3.0
Brennstoffzellenantrieb,3.0
Brennwertkessel,2.0
Brennwerttechnik,1.666666666666667
Brückensanierung,1.666666666666667
Brunnenbauer,1.0
Brunnenbauerin,1.0
Brunnenhandwerk,2.333333333333333
Bund naturschutz,3.666666666666667
Bürgerpark,2.333333333333333
Call-a-bike,3.666666666666667
Car2go,3.333333333333333
Carbon footprint,4.666666666666667
Carbon footprinting,4.666666666666667
Carbonfasern,2.666666666666667
Carsharing,3.333333333333333
Car-sharing,3.333333333333333
Chemische rückgewinnung,2.333333333333333
Chlormessgeräte,1.333333333333333
Cloud computing,2.0
Cloud-computing,2.0
Cloud-diensten,1.666666666666667
Cloud-geschäft,1.666666666666667
Cloud-lösung,2.0
Cloud-services,1.666666666666667
Co2-arme energieerzeugung,4.0
Co2-ausstoß,4.666666666666667
Co2-bilanz,4.666666666666667
Co2-emission,4.666666666666667
co2-grenzwert,5.0
co2-neutral,5.0
Co2-neutralität,5.0
Co2-reduktion,4.666666666666667
Co2-reduzierung,4.666666666666667
Co2-waschprozess,4.666666666666667
Co-fermentation,1.333333333333333
Composting,2.666666666666667
Concentrated solar power-technologie,4.0
Contracting,3.0
Corex-verfahren,1.333333333333333
Corporate citizenship,3.333333333333333
Corporate governance,3.333333333333333
Corporate responsibility,3.333333333333333
Csp,3.333333333333333
Csr,3.333333333333333
Dachbegrünung,3.666666666666667
Dacherneuerung,1.666666666666667
Dachisolierung,2.666666666666667
Dachreparatur,1.666666666666667
Dachsanierung,2.0
Damenfahrrad,3.333333333333333
Damenrad,3.333333333333333
Dammbau,2.0
dämmen,2.333333333333333
Dämmmaterial,2.0
Dämm-material,2.0
Dämmschicht,2.333333333333333
Dämmstoff,2.0
Dämmung,2.333333333333333
Dampfkraftwerk,3.333333333333333
Dampfparameterkraftwerk,3.333333333333333
Dea-cluster,3.333333333333333
Deichbau,2.0
Deinking,1.666666666666667
De-inking schlamm,1.666666666666667
Dekarbonisierung,4.333333333333333
Dekontamination,2.0
Dekontaminationsanlage,2.333333333333333
Dekontaminationsmaßnahme,2.0
Dekontaminierung,2.0
Dematerialisierung,3.333333333333333
Demeter,4.0
Denitrifikation,1.333333333333333
Deponie,1.666666666666667
Deponieabsicherung,2.0
Deponiebau,1.666666666666667
Deponiegas,1.666666666666667
Deponiesanierung,2.333333333333333
Desertec,4.0
Design to cost,2.666666666666667
Design-to-cost,2.666666666666667
Dezentrale energieerzeugung,3.333333333333333
Dezentrale energieversorgung,3.333333333333333
Dezentrale erzeugungsanlagen,3.333333333333333
Dezentrales klärwerk,3.333333333333333
Dichtheitsprüfgerät,1.333333333333333
Dichtstoff,2.0
Dichtungsbahn,1.0
Dichtwände,1.333333333333333
Dieselpartikelfilter,2.666666666666667
Dieselverbrauch,1.0
dimmbar,1.666666666666667
Dimmen,1.666666666666667
Direct-push verfahren,1.333333333333333
Direct-push-verfahren,1.333333333333333
Direkteinspritzung,1.0
Direktelektrische antriebe,3.666666666666667
Downsizing,4.333333333333333
Drahtesel,3.333333333333333
Dreckwasser,1.333333333333333
Drehkondensator,1.0
Drehstrommotor,3.333333333333333
Dreifachverglasung,2.333333333333333
Druckerhöhungsanlage,1.0
Druckluftspeicherung,2.0
Druckspeicher,1.666666666666667
Druckspeicherkraftwerke,3.0
Dünger,1.0
Dünnschicht-solarmodul,4.0
Durchflussregulierung,1.666666666666667
E-antrieb,3.666666666666667
E-auto,3.666666666666667
E-bikes,3.333333333333333
Eco-design,3.333333333333333
Ecoland,4.0
Eco-modus,3.333333333333333
Ecosan,3.333333333333333
Eco-up,4.0
Ecovin,4.0
Eeg-umlage,3.0
Effizienzmaßnahme,3.333333333333333
E-gouvernment,3.0
eindämmen,2.0
Eingrünung,3.333333333333333
Einspeisemanagement,3.666666666666667
einwegflasch,1.333333333333333
Einzelpflanze,1.666666666666667
Eisenschrott,1.0
Elektrische antriebe,3.666666666666667
Elektrische ausrüstung,1.0
Elektrische energie,2.666666666666667
Elektrischer nabenmotor,2.666666666666667
Elektrischer radnabenmotor,2.666666666666667
Elektro bikes,3.333333333333333
Elektroantrieb,3.666666666666667
Elektroauto,3.666666666666667
Elektro-auto,3.666666666666667
Elektrochemischer speicherung,3.0
Elektrodenkessel,1.0
Elektrofahrrad,3.333333333333333
Elektrofahrräder,3.333333333333333
Elektro-fahrräder,3.333333333333333
Elektrofahrzeuge,3.666666666666667
Elektrofilter,1.333333333333333
Elektroheizung,1.0
Elektrokessel,1.0
Elektroleichtmobil,3.666666666666667
Elektrolyseure,1.333333333333333
Elektrolytkondensator,1.0
Elektromagnetventil,1.666666666666667
Elektromobil,3.666666666666667
Elektromobilität,3.666666666666667
Elektromotor,3.333333333333333
Elektronikschrott,1.666666666666667
Elektroofen,1.0
Elektrorad,3.333333333333333
Elektroräder,3.333333333333333
Elektroroller,3.0
Elektrosmogmessung,2.333333333333333
Elektrosmog-sanierung,2.333333333333333
Elektrostahlverfahren,2.0
Elektrotankstelle,3.666666666666667
Elektro-tankstelle,3.666666666666667
Elektroventil,1.666666666666667
Emas,4.0
E-maschine,2.0
Emission,3.666666666666667
Emissionsfrei,4.666666666666667
Emissions-grenzwert,4.666666666666667
Emissionsreduktion,5.0
Emissionswert,3.333333333333333
E-mobil,3.666666666666667
E-mobility,3.666666666666667
E-motor,3.333333333333333
en 16001,4.333333333333333
energetisch,3.666666666666667
energetisch saniert,3.0
Energetische gebäudesanierung,3.0
Energetische nutzung,3.666666666666667
Energetische sanierung,3.0
Energetische verwertung,3.666666666666667
Energie einzusparen,4.0
Energieagentur,2.666666666666667
Energieausbeute,3.333333333333333
Energieausweis,3.666666666666667
Energiebedarf,1.666666666666667
Energieberater,3.0
Energieberaterin,3.0
Energieberatung,3.0
Energieberatungsdienstleistung,3.0
Energiebilanz,3.666666666666667
Energiebilanzverfahren,3.333333333333333
Energie-check,3.666666666666667
Energiecontractor,2.0
Energiedienstleistung,2.333333333333333
Energieeffizient,4.333333333333333
Energieeffizienz,4.333333333333333
Energie-effizienz,4.333333333333333
Energieeffizienzdienstleistung,4.333333333333333
Energieeinsatz,3.0
Energieeinsparanalyse,4.333333333333333
Energieeinsparmaßnahmen,4.333333333333333
Energieeinsparung,4.333333333333333
Energieeinsparverordnung,3.666666666666667
Energieersparnis,4.333333333333333
Energieerzeugungsstruktur,2.0
Energiegewinn,3.333333333333333
Energieholz,2.333333333333333
Energiehunger,1.333333333333333
Energiekonzept,3.0
Energiekosten,2.333333333333333
Energiemai,2.0
Energiemanagement,2.666666666666667
Energiemix,4.0
Energiemonitoring,3.0
Energienetz,1.666666666666667
Energieoptimierung,4.0
Energieordnung,3.666666666666667
Energiepass,3.666666666666667
Energiepflanze,3.333333333333333
Energiepolitik,4.0
Energiepreis,1.666666666666667
Energieproduktivität,3.333333333333333
Energierückgewinnung,3.0
Energiesparberater,3.666666666666667
Energiesparclub,4.0
Energiesparen,4.0
Energiesparende reifen,3.0
Energiesparfenster,3.0
Energiesparlampe,3.0
Energiesparmaßnahme,4.333333333333333
Energiespeicherung,3.333333333333333
Energiestandard,2.666666666666667
Energiestrategie,3.0
energietechnisch,2.0
Energietechnologie,2.0
Energieträger,1.333333333333333
Energieverbrauch,2.333333333333333
Energieverbraucheinsparung,3.666666666666667
Energieverbrauch-einsparung,3.666666666666667
Energieverordnung,3.666666666666667
Energieversorgung,2.0
Energiewende,4.333333333333333
Enev,3.666666666666667
Entaschung,1.333333333333333
Entchlorungsanlage,2.0
Enteisenungsanlage,1.333333333333333
Entgasungstechnik,1.333333333333333
Entgiftungsanlage,2.0
Entkeimungsanlage,1.333333333333333
Entsäuerungsanlage,1.333333333333333
Entschlammung,1.333333333333333
Entsorger,1.0
Entsorgung,1.333333333333333
Entsorgungsbetrieb,1.0
Entsorgungsfirma,1.0
Entsorgungskosten,2.0
Entsorgungsproblem,1.0
Entsorgungsunternehmen,1.0
Entstaubungstechnik,1.666666666666667
Entstickungsanlage,1.333333333333333
Entwässerungssystem,1.666666666666667
Entwesung,1.0
Epiphyt,1.666666666666667
Erddeponie,1.0
Erdgas,1.0
Erdgastankstelle,1.666666666666667
Erdöl,1.0
Erdsystemforschung,2.333333333333333
Erdwärme,3.666666666666667
erneuerbar,4.333333333333333
Erneuerbare energie,4.0
Erneuerbare energiequellen,4.0
Erneuerbare energieträger,4.0
Erneuerbare-energien-gesetz,3.0
Ernte,1.0
E-roller,3.0
Erosionsschutz,3.0
Errichterschiff,2.666666666666667
Ersatzbrennstoff,3.333333333333333
Erzeugergemeinschaft,2.333333333333333
Erzeugungskapazität,1.0
Essensrest,1.666666666666667
E-tankstelle,3.666666666666667
euro 5,3.666666666666667
Euro 5-norm,3.666666666666667
euro 6,3.666666666666667
Euro 6-norm,3.666666666666667
Euro-normen,3.666666666666667
Fachgerechte entsorgung,2.0
Fahrbahnbelag,1.0
Fahrertraining,1.0
Fahrgemeinschaft,3.333333333333333
Fahrrad,3.333333333333333
Fahrradanhänger,3.0
Fahrradfahren,3.666666666666667
Fahrradfahrt,3.666666666666667
Fahrradweg,3.333333333333333
Fäkalien,1.0
Faltenfilter,1.666666666666667
Faltrad,3.333333333333333
Fassadenbegrünung,4.0
Fassadendämmung,2.666666666666667
Fassadenrenovierung,1.666666666666667
Faulgas,3.0
Fauna,3.333333333333333
Feinstaubfilter,2.0
Feldbau,1.0
Feldbereinigung,1.0
Fensterbau,2.0
Fermentation,1.333333333333333
Fermentierung,1.333333333333333
Fernüberwachung,1.0
Fernwärme,3.666666666666667
Feuchtbiotop,3.0
Feuchtgebiet,2.333333333333333
Feuerschutz,1.0
Filteranlagen,2.0
Filtereinsätze,2.0
Filtergewebe,1.666666666666667
Filtertechnik,1.333333333333333
Filtertextilie,2.0
Filtration,1.0
Filtrierung,1.0
Fischabfall,1.0
Flächenfilter,1.0
Flächenheizung,2.666666666666667
Flächenmanagement,1.0
Flächenrecycling,3.666666666666667
Flächenverbrauchs,2.0
Flockungsmittel,1.0
Flotation,1.0
Flözgas,1.666666666666667
Flurbereinigung,1.666666666666667
Flüssiggas,1.0
Flusskraftwerk,3.333333333333333
Flüsterasphalt,1.666666666666667
Folgenutzung,2.666666666666667
Folienkondensator,1.0
Forstbotanik,1.666666666666667
Forstschutz,4.333333333333333
Forstwirtschaft,2.0
Fotovoltaik,4.0
Fotovoltaikanlage,4.0
Fotovoltaik-anlage,4.0
Freilandhaltung,4.0
Fundamenttechnologie,2.333333333333333
Fußweg,2.666666666666667
Gäa,4.0
Gärrestaufbereitung,3.0
Gärreste,2.0
Garten,2.0
Gartenabfall,1.666666666666667
Gartenanlage,1.333333333333333
Gartenbau,2.0
Gartenkompost,4.0
Gartenpflanze,1.666666666666667
Gasabscheidungsanlage,1.333333333333333
Gasanalysegeräte,1.333333333333333
Gaseinspeisung,1.333333333333333
Gaskraftwerk,2.0
Gas-und-dampf-anlage,2.333333333333333
Gas-und-dampf-kombikraftwerk,2.333333333333333
Gas-und-dampfturbinen-kraftwerk,2.333333333333333
Gaswärmepumpe,2.666666666666667
Gas-wärmepumpe,2.666666666666667
Gas-wärme-pumpe,2.666666666666667
Gebäudeautomation,1.0
Gebäudeautomatisierung,1.0
Gebäudediagnostik,2.0
Gebäude-dichtheitsprüfung,2.333333333333333
Gebäudehülle,2.333333333333333
Gebäudeleittechnik,1.0
Gebäudesanierung,2.0
Gebäudetechnik,1.666666666666667
Gebäudethermografie,3.0
Gebrauchtfahrzeug,1.333333333333333
Gebrauchtwagen,1.333333333333333
Gefahrgutausrüstung,1.333333333333333
Gefahrgutbeauftragter,1.0
Gefahrgutkennzeichnung,1.333333333333333
Gefahrgutklassifizierung,1.333333333333333
Gefahrgutlagerung,1.333333333333333
Gefahrgutverpackung,1.333333333333333
Gefahrstoff-management,2.0
Gefäßpflanze,1.666666666666667
Gehölz,1.666666666666667
Gelbe säcke,1.333333333333333
Gelben sack,1.333333333333333
Gelben säcke,1.333333333333333
Gemeindepark,2.333333333333333
Gemüse anbauen,1.666666666666667
Gemüsebau,1.666666666666667
Gemüsepflanze,1.666666666666667
Geobotanik,2.333333333333333
Geophyt,1.666666666666667
Geothermie,3.666666666666667
geothermisch,3.666666666666667
Geräuscharm,2.0
Geräuschemission,2.0
Geruchsentfernung,1.333333333333333
Geruchsneutralisation,1.333333333333333
Gerümpel,1.0
Gesamtemission,3.666666666666667
Gesamtsanierung,2.0
Gesamtwirkungsgrad,3.333333333333333
Getreidewirtschaft,1.0
Gewässersanierung,2.666666666666667
Gewässerschutz,4.0
Gewebefilter,1.333333333333333
Gewerbeabfall,1.0
Gewerbemüll,1.0
Gezeitenenergie,3.333333333333333
Gezeitenkraftwerk,3.333333333333333
Giftige gase,1.333333333333333
Giftmüll,1.333333333333333
Giftpflanze,1.333333333333333
Glaswolle,2.333333333333333
Going green,4.666666666666667
Grätzelzelle,4.0
grätzel-zell,4.0
Grauwasser,1.0
Green building,4.0
Green climate fund,4.333333333333333
Green economy,4.0
Green it,4.0
Green jobs,4.666666666666667
Greenbuilding,4.0
Greenit,4.0
Greentech,4.666666666666667
Greentech-beratungsdienstleistung,4.333333333333333
Grubengas,2.333333333333333
Grünabfällen,2.0
Grünanlage,3.666666666666667
Grundlast,1.0
Gründüngung,2.666666666666667
Grundwasser,2.333333333333333
Grundwasserschutz,4.0
Grundwasserspiegel,2.0
Grüne klimafonds,4.333333333333333
Grüner strukturwandel,4.666666666666667
Grünfläche,3.333333333333333
Grünflächenpflege,3.0
Grüngut,2.666666666666667
Grünhackgut,2.666666666666667
Grünlandwirtschaft,2.0
Grünpflanze,1.666666666666667
Grünpflege,2.333333333333333
Grünschnitt,2.0
Grünstreifen,2.666666666666667
Grünzug,2.666666666666667
gud,2.333333333333333
Gud-kraftwerke,2.333333333333333
Gülle,1.666666666666667
Hackschnitzelanlage,2.333333333333333
Hackschnitzelheizung,2.333333333333333
Hackschnitzeln,2.333333333333333
Häckselplatz,1.666666666666667
Halophyt,1.666666666666667
Haltungsform,3.0
Haufwerk,1.0
Haushaltsmüll,1.0
Hausmüll,1.0
Haustechnik,1.0
Heidepflanze,2.333333333333333
Heizenergiebedarf,1.666666666666667
Heizgutachten,2.666666666666667
Heizkessel,1.0
Heizkraftwerk,1.0
Heizspiegel,1.666666666666667
Heiztechnik,1.333333333333333
Heizung-klima-luft,1.0
Heizung-klima-lüftung,1.0
Heizungsoptimierung,3.0
Heizungstechnik,1.0
Heizwerk,1.0
Herrenfahrrad,3.333333333333333
Herrenrad,3.333333333333333
Hitzeschutz,1.333333333333333
Hkw,1.0
Hobelspäne,1.0
Hocheffizienzmotor,3.333333333333333
hochenergetisch,2.0
Hochlastfaulung ,2.333333333333333
Hochleistungskraftwerk,2.333333333333333
Hochwasserschutz,3.0
Hochwasserschutzmassnahmen,2.333333333333333
Hofladen,3.333333333333333
Höheren wirkungsgrad,2.333333333333333
Holzabfall,1.333333333333333
Holzabfälle,1.0
Holzenergie,2.666666666666667
Holzfeuerungsanlage,2.0
Holzgaswerk,3.0
Holzgewächs,1.666666666666667
Holzhackschnitzel,2.666666666666667
Holzheizung,2.333333333333333
Holzpellet,2.0
Holzpelletkessel,2.666666666666667
Holzpflanze,1.666666666666667
Holzschnitzel,2.666666666666667
Hopfenbau,1.0
Hubspeicherkraftwerke,3.333333333333333
Hybridantrieb,3.333333333333333
Hybrid-antrieb,3.333333333333333
Hybridauto,3.333333333333333
Hybridbus,3.333333333333333
Hybridkraftwerk,3.0
Hybrid-pkw,3.333333333333333
Hybridtechnik,3.0
Hybrid-traktor,3.333333333333333
Hydraulikpumpen,1.333333333333333
Hydroelektrizität,4.0
Hydrologe,3.0
Hydrostrom,4.0
imk,2.666666666666667
Imkerin,2.333333333333333
Immissionsschutz,4.0
Immissionsschutzrechtlichen,4.0
Impuls-programm,4.0
Industrieabfall,1.0
Industrieabwasser,1.333333333333333
Industriemüll,1.0
Innendämmung,3.0
Insektenwelt,3.0
Inselnetz,2.333333333333333
Instandsetzung,2.666666666666667
Integrated efficiency,4.333333333333333
Intelligente messsysteme,2.0
Intelligente netze,3.333333333333333
Intelligente steuerungssysteme,2.0
Intelligente zähler,3.333333333333333
Intelligenten architektur,2.666666666666667
Intelligentes messsystem,2.0
Intelligentes steuerungssystem,2.0
Intelligentes verkehrskonzept,3.333333333333333
Internet der energien,3.333333333333333
iso 14001,4.333333333333333
iso 14051,4.333333333333333
iso 50001,4.333333333333333
Isolationstechnik,2.333333333333333
Isolierfacharbeiter,2.666666666666667
Käfighaltung,1.0
Kalkmilch,2.0
Kälteanlage,1.0
Kältemaschine,1.333333333333333
Kältenetz,1.333333333333333
Kältetechnik,1.0
Kältetechnologie,1.0
Kaminfeger,1.0
Kaminfegerin,1.0
Kaminkehrer,1.0
Kaminkehrerin,1.0
Kampfmittelbeseitigung,1.666666666666667
Kanalisationsbauteil,1.0
Kanalisationssystem,1.0
Kanalnetz,1.0
Kanalreinigung,1.333333333333333
Kanalsanierung,2.0
Kanalsystem,1.0
Kätzchenblütler,1.666666666666667
Kavernenkraftwerk,2.666666666666667
Kehrmaschine,1.0
Kehrsaugmaschine,1.0
Keimling,1.666666666666667
Kinderfahrrad,2.666666666666667
Kinderrad,2.666666666666667
Klappfahrrad,3.333333333333333
Klapprad,3.333333333333333
Kläranlage,2.0
Klärgas,1.333333333333333
Klärgasverstromung,2.666666666666667
Klärschlamm,1.333333333333333
Klärtechnik,1.666666666666667
Klärwerk,2.0
Kleines wasserkraftwerk,3.333333333333333
Kleinfeuerungsanlage,2.333333333333333
Kleingartenanlage,2.666666666666667
Kleingartenkolonie,2.666666666666667
Kleinkläranlage,2.0
Kleinkraftwerk,2.333333333333333
Kleinwasserkraftwerk,3.333333333333333
Klimabilanz,4.333333333333333
Klimaeffizient,4.666666666666667
Klimafonds,4.333333333333333
klimafreundlich,4.666666666666667
klimaneutral,5.0
klimaschonend,4.666666666666667
Klimaschutz,5.0
Klimaschutzkonzept,5.0
Klimaschutzmanager,4.333333333333333
Klimaschutzpolitik,4.666666666666667
Klimaschutzziele,5.0
Klimatechnik,2.0
klimaverträglich,4.666666666666667
Klimawandel,5.0
Kohlefaser,2.0
Kohlefaserverbundwerkstoff,1.0
Kohlefilter,1.333333333333333
Kohlendioxidausstoß,3.666666666666667
Kohlendioxidemission,3.666666666666667
Kohlenmonoxid,1.0
Kohlenstoffkreislauf,3.0
Kohlenstoff-nanoröhre,1.666666666666667
Kohlenstoffquelle,2.0
Kombikraftwerk,3.0
Kompost,4.0
Kompostierung,2.666666666666667
Kompostierungsanlage,3.333333333333333
Kondensationskraftwerk,2.666666666666667
Kondensationswärme,2.666666666666667
Kondensator,1.0
Konzentrationszone,3.0
Korrosionsschutz,1.666666666666667
Kraft-wärme-koppelung,2.666666666666667
Kraft-wärme-kopplung,2.666666666666667
Kraft-wärme-kopplungsanlage,2.666666666666667
Kreislaufwirtschaft,4.333333333333333
Kreuzblütengewächs,1.666666666666667
Kryptogame,1.666666666666667
Küchenabfall,1.0
Küchenabfälle,1.0
Kühlaggregat,1.0
Kühlanlage,1.0
Kühlbedarf,1.0
Kühlkreislauf,1.333333333333333
Kühlsystem,1.0
Kühlturm,1.0
Kühltürme,1.0
Kühlung,1.0
Kühlwasseranlage,1.0
Kühlzelle,1.0
kultivieren,1.666666666666667
Kulturpflanze,1.666666666666667
Kunststoffabfall,1.0
Kunststofffolienkondensator,1.0
Kunststoffrecycling,3.0
Kurgarten,2.0
Kurpark,2.0
Kurzumtriebsplantage,3.333333333333333
Küstenschutz,4.0
Kwk,2.666666666666667
Ladeinfrastruktur,3.666666666666667
Ladesäule,3.333333333333333
Ladestation,3.333333333333333
Landbau,1.0
Landesbauordnung,1.333333333333333
Landespflege,2.333333333333333
Landmanagement,2.666666666666667
Landnutzungsplanung,2.666666666666667
Landnutzungswandel,2.333333333333333
Landpflanze,2.0
Landschaftsarchitektur,2.0
Landschaftsbau,2.666666666666667
Landschaftsentwicklung,2.0
Landschaftsgarten,2.0
Landschaftsökologie,4.0
Landschaftspark,2.0
Landschaftspflege,3.0
Landschaftsplanung,2.666666666666667
Landschaftsschutz,4.0
landschaftsverträglich,4.0
Landtechnik,1.666666666666667
Landwirt,1.0
Landwirtschaft,1.0
Landwirtschaftsprodukt,1.0
Landwirtschaftsreform,2.666666666666667
Längere haltbarkeit,3.0
langlebig,4.0
Lanuv,3.666666666666667
Lärmbekämpfung,2.666666666666667
Lärmemission,2.0
lärmgrenzwert,2.0
Lärmgutachten,2.0
Lärmmessung,2.666666666666667
Lärmmindernde,2.0
Lärmminderung,2.666666666666667
Lärmreduzierung,2.0
Lärmsanierung,2.666666666666667
Lärmschutz,2.666666666666667
Lärmschutzgutachten,2.0
Lärmschutzmaßnahmen,2.0
Lärmschutzwände,2.0
Lastenrad,4.0
Laubenkolonie,2.333333333333333
Laufkraftwerk,3.333333333333333
Lebensmittelreste,1.333333333333333
Lebenszyklusanalyse,4.0
led,2.666666666666667
Led-lampe,2.666666666666667
Led-leuchten,2.666666666666667
Led-technik,2.666666666666667
Leergut,2.0
Leichtbau,3.0
Leichtbautechnologien,3.0
Leichtbauweise,3.0
Leichtlaufreifen,2.333333333333333
Leichtverpackung,2.0
Leihfahrrad,3.0
Leihrad,3.0
Leihwagen,2.0
Lein,2.666666666666667
Leitungssystem,1.0
Leuchtdiode,2.666666666666667
Liegerad,2.666666666666667
Linearmotor,3.333333333333333
Lithium-ionen-akku,3.333333333333333
Lithium-ionen-batterie,3.333333333333333
Löschwassertank,1.0
Löschwasserversorgung,1.666666666666667
Luftentkeimung,2.333333333333333
Luftfilter,2.333333333333333
Luftkondensator,1.0
Luftmessung,3.0
Luftreinhaltung,3.333333333333333
Lüftungsanlage,1.0
Lüftungstechnik,1.333333333333333
Makulatur,1.0
Maschinenbauerzeugnisse,1.0
Materialeffizient,4.0
Materialeffizienz,4.0
Materialeinsparung,4.333333333333333
Materialkosteneinsparung,3.0
Materialproduktivität,3.0
Materialprüfung,1.666666666666667
Materialwissenschaft,1.333333333333333
meeresbiologisch,1.0
Meeresenergie,4.0
Meeresfauna,3.0
Meerespflanze,2.0
Meeresströmungskraftwerk,3.666666666666667
Meeresumwelt,3.666666666666667
Meeresverschmutzung,4.666666666666667
Meereswärmekraftwerk,3.666666666666667
Meerwasserentsalzung,2.0
Megafauna,3.0
Mehrfachsolarzelle,4.0
Mehrfachverwendung,4.0
Mehrfachzelle,4.0
Mehrstufen-entspannungsverdampfung,2.333333333333333
Mehrstufen-entspannungs-verdampfung,2.333333333333333
Mehrweg,4.0
Membran-aufbereitungsanlage,1.666666666666667
Membranelektrolyse ,1.666666666666667
Membranfiltertechnik,1.666666666666667
Membrantechnologie,1.666666666666667
Membran-verfahren,1.666666666666667
Messgasaufbereitung,1.666666666666667
Messtechnik,1.0
Metallschrott,1.0
Metallspäne,1.0
Methangas,1.333333333333333
Methanisierung,2.0
Micro grid,2.666666666666667
Mietauto,2.0
Mietwagen,2.0
Mikroheizkraftwerk,3.333333333333333
Mikro-stromnetz,3.666666666666667
Mineralwolle,2.333333333333333
Miniheizkraftwerk,3.666666666666667
Miscanthus,3.0
Mischabfälle,1.0
Mitfahrgelegenheit,3.333333333333333
Mitfahrzentralen,2.333333333333333
Mobilitätsdienstleister,2.0
Mobilitätsdienstleistung,2.0
Mobilitätskonzept,3.0
Mountainbike,2.0
Msr,1.0
Mulchen,2.0
Müll,1.0
Müllabfuhr,1.333333333333333
Müllabladeplatz,1.0
Müllbeseitigung,2.0
Mülldeponie,1.0
Müllentsorgung,2.0
Müllfahrzeug,1.333333333333333
Müllhalde,1.0
Müllkippe,1.0
Müllplatz,1.0
Müllsack,1.333333333333333
Müllsortierung,2.0
Mülltonne,1.333333333333333
Mülltransport,1.333333333333333
Mülltrennung,2.0
Mülltüte,1.666666666666667
Müllumladestation,1.0
Müllverbrennung,1.333333333333333
Müllverbrennungsanlage,1.0
Müllvermeidung,4.0
Müllwagen,1.333333333333333
Multispektralzelle,3.666666666666667
Multi-stage-flash,2.333333333333333
Munitionsbeseitigung,1.666666666666667
Mutterpflanze,1.666666666666667
Nachfolgenutzung,3.0
Nachhaltige bewirtschaftung,4.0
Nachhaltige energieversorgung,4.0
Nachhaltige landwirtschaft,4.0
Nachhaltige mobilität,3.333333333333333
Nachhaltigen tourismus,4.0
Nachhaltiges handeln,4.333333333333333
Nachhaltiges wirtschaften,3.666666666666667
Nachhaltigkeit,4.666666666666667
Nachhaltigkeitsanalyse,4.333333333333333
Nachhaltigkeitsmanagement,4.666666666666667
Nachnutzung,3.0
Nachtspeicherheizung,1.666666666666667
nachwachsend,4.333333333333333
Nachwachsender rohstoff,4.0
Nadelholzgewächs,1.666666666666667
Nagios,1.666666666666667
Naherholungsgebiet,3.0
Nahrungsnetzanalyse,3.0
Nahwärme,2.0
Nahwärmenetze,2.333333333333333
Nanoskalige materialien,1.0
Nanotechnik,1.0
Nanotechnologie,1.0
Nationalpark,3.0
Naturdämmstoffe,3.0
Naturfasern,2.666666666666667
Naturfaserverstärkte kunststoffe,2.666666666666667
Naturhaushalt,4.0
Naturkosmetikum,3.0
Naturkosmetikartikel,3.0
Naturkosthandel,3.666666666666667
Naturkostladen,3.666666666666667
Naturland,4.0
Natürliche ressourcen,4.333333333333333
Naturpark,3.666666666666667
Naturressource,3.666666666666667
Naturschutz,5.0
Naturschutzbehörde,4.666666666666667
Naturschutzbund,4.666666666666667
Naturschützer,4.666666666666667
Naturschutzgebiet,4.333333333333333
Naturschutzgesetz,4.333333333333333
Naturschutzmaßnahmen,5.0
Naturschutzpark,4.333333333333333
Naturschutzverband,4.666666666666667
Naturschutzverbund,4.666666666666667
Naturstrom,4.333333333333333
Naturtourismus,4.0
naturverträglich,4.666666666666667
Nebenerwerbslandwirtschaft,1.0
Neophyt,1.666666666666667
Netzanbindung,1.0
Netzanschluss,1.0
Netzausbau,1.0
Netzentwicklung,1.0
Netzerweiterung,1.0
Netzinfrastruktur,1.0
Netzqualität,1.0
Netzstabilität,1.333333333333333
Neuartige sanitärsysteme,3.333333333333333
Neunutzung,1.333333333333333
Nicht-fossile materie,4.333333333333333
niederenergetisch,2.333333333333333
Niederschlagswasser,2.0
Niedrigenergiehaus,3.666666666666667
Niedrigenergiehäuser,3.666666666666667
Nitrifikation,2.333333333333333
Null-energiehaus,4.0
Nutzbremse,3.0
Nutzung abwärme,3.333333333333333
Nutzungsgrad,2.0
Oberflächenwasser,1.333333333333333
Oberflächenwasserschutz,3.666666666666667
Oberleitungsbus,3.0
Oberleitungsbusbetrieb,3.0
Oberleitungsbus-betrieb,3.0
Obstbau,1.666666666666667
Obusbetrieb,3.0
Obus-betrieb,3.0
Offenporiger asphalt,1.666666666666667
Öffentlicher nahverkehr,2.666666666666667
Öffentlicher personennahverkehr,2.666666666666667
offshore,3.333333333333333
Offshore-anlagen,3.333333333333333
Offshorewindpark,3.333333333333333
Offshore-windparks,3.333333333333333
Ökobewegung,4.666666666666667
Ökobilanz,4.333333333333333
Ökodesign,4.0
Ökoenergie,4.0
Ökolandbau,4.0
Öko-landbau,4.0
Ökolog.,4.0
Ökologie,4.666666666666667
Ökologin,4.0
ökologisch,4.666666666666667
ökologisch sinnvoll,4.666666666666667
Ökologische gleichgewicht,4.0
Ökologische landwirtschaft,4.0
Ökologische nachhaltigkeit,4.666666666666667
Ökologischer landbau,4.0
Ökopflaster,3.666666666666667
Öko-pflaster,3.666666666666667
Ökosolar,4.0
Öko-solar,4.0
Ökostrom,4.333333333333333
Ökostrom-foerderung,4.0
Ökosystem,4.0
Ökosystemare dienstleistung,4.0
Ökosystemdienstleistung,4.0
Ökosystemforschung,3.333333333333333
Ökosystemleistung,4.0
Ökotourismus,4.0
Öko-tourismus,4.0
Ölabsorber,1.333333333333333
Öl-absorber,1.333333333333333
Ölaufsaugmittel,1.666666666666667
Ölbindemittel,1.666666666666667
oled,3.0
Ölfilter,1.333333333333333
Ölverschmutzung,3.0
On-board ladetechnik,3.333333333333333
Onshore,3.333333333333333
Öpnv,2.666666666666667
Orc-prozess,2.666666666666667
Orc-technologie,2.666666666666667
Organic led,3.0
Organic light emitted diode,3.0
Organic light-emitted diode,3.0
Organic rankine cycle,2.666666666666667
Organic-rankine-cycle,2.666666666666667
Osmosekraftwerk,3.333333333333333
Ozongenerator,2.333333333333333
Ozonierung,2.333333333333333
Ozonklimagenerator,2.666666666666667
P2g,2.0
Papiermüll,1.333333333333333
Parabolrinnenkollektor,4.0
Parabolrinnen-kollektor,4.0
Park-and-ride-konzept,2.666666666666667
Parkanlage,2.333333333333333
Parkraumkonzept,1.666666666666667
Partikelfilter,2.333333333333333
Passivumhaus,3.666666666666667
Passivhäuser,3.666666666666667
Passivhausstandard,3.666666666666667
Passivierung,1.666666666666667
Pedelecs,3.333333333333333
Pellet,2.666666666666667
Pelletheizung,2.666666666666667
Pelletsheizung,2.666666666666667
Pfandsystem,3.666666666666667
Pflanze,2.666666666666667
Pflanzengeografie,1.333333333333333
Pflanzengeographie,1.333333333333333
Pflanzenkläranlage,2.333333333333333
Pflanzenschutz,2.0
Pflanzensoziologie,3.0
pflanzenverträglich,4.0
Ph-messgerät,2.0
Photonenenergie,3.666666666666667
Photonik,1.333333333333333
Photovoltaik,4.0
Photovoltaikanlage,4.0
Photovoltaik-anlage,4.0
Phytopathologie,1.666666666666667
Pinchanalyse,3.333333333333333
Pinch-analyse,3.333333333333333
Pionierpflanze,1.666666666666667
Plantagenwirtschaft,1.0
Plastikmüll,1.0
Plastiksack,1.0
Plastiksäcke,1.0
Plastiktüte,1.0
Plattenkondensator,1.0
Plug-in hybrid,3.333333333333333
Plug-in-hybrid,3.333333333333333
Plug-in-hybridantrieb,3.333333333333333
Plusenergiehaus,3.666666666666667
Plus-energie-haus,3.666666666666667
Polsterpflanze,1.666666666666667
Polyethylen,1.0
Polylactid,1.666666666666667
Polypropylen,1.0
Power-to-gas,2.0
Power-to-heat ,3.0
Power-to-liquid,3.0
Pp,1.0
Primärenergiebedarf,1.666666666666667
Produktionsabfall,1.0
Produktverantwortung,3.333333333333333
Prozessdampf,1.0
Prozessleittechnik,1.0
Prozessmanagement,1.333333333333333
Prozessoptimierung,1.0
Prozesstechnik,1.0
Prozesswärme,3.666666666666667
Prozesswasser,1.0
pufferspeich,1.0
Pumpensysteme,1.0
pumpspeich,3.0
Pumpspeicherkraftwerke,3.0
Pumpspeicherung,3.666666666666667
Pumpspeicherwerk,3.0
Pv-anlage,4.0
Pv-stromerzeugungsanlage,4.0
Quicar,3.333333333333333
Radfahren,3.666666666666667
Radfahrt,3.666666666666667
Radverkehrskonzept,3.666666666666667
Radweg,3.333333333333333
Radwegekonzept,3.666666666666667
Range-extender,2.0
Rankpflanze,1.666666666666667
Rasenfläche,2.666666666666667
Rauchfangkehrer,1.0
Rauchfangkehrerin,1.0
Rauchgas,1.0
Rauchgasentschwefelung,1.666666666666667
Rauchgasreinigung,1.666666666666667
Raumentwicklung,1.666666666666667
Raupenfutterpflanze,1.666666666666667
Rebbau,1.0
recyceln,4.0
Recycler,4.0
Recycling,4.0
Recyclinganlage,3.666666666666667
Recyclinghof,3.333333333333333
Recyclingmaterial,3.666666666666667
Reformhaus,3.666666666666667
Regeltechnik,1.0
Regelungstechnik,1.0
Regelungstechnologien für anlagen,1.0
Regelungstechnologien für netze,1.0
Regelventil,1.666666666666667
regenerativ,4.333333333333333
Regenerative energien,4.0
regenerativen quell,4.0
Regenerator,2.0
Regenerierungsanlage,2.0
Regenrückhaltebecken,2.333333333333333
Regenüberlaufbecken,2.0
Regenwasser,3.333333333333333
Regenwasseraufbereitung,3.0
Regenwasserbehandlung,3.0
Regenwassernutzung,3.0
Regenwassersammelsystem,3.333333333333333
Regionale wertschöpfung,3.666666666666667
Regionalpark,3.333333333333333
Regulierende dienstleistung,2.0
Reinigungstechnik,1.666666666666667
Reiserad,2.666666666666667
Rekultivierung,4.0
Rekuperation,3.0
Rekuperationsbremse,3.0
Rekuperatoren,4.0
Renaturierung,4.0
Renaturierungsmassnahmen,4.0
Rennmaschine,2.0
Rennrad,2.666666666666667
Reparatur,2.666666666666667
Repowering,3.333333333333333
Reservekraftwerke,1.666666666666667
Ressourcen schonen,4.666666666666667
Ressourcenbündel,1.0
Ressourceneffizienz,4.666666666666667
Ressourceneinsatz,3.333333333333333
Ressourceneinsparung,4.666666666666667
Ressourcenknappheit,4.666666666666667
Ressourcenmanagement,4.333333333333333
Ressourcenmangel,4.666666666666667
Ressourcennutzung,4.0
ressourcenschonend,4.666666666666667
Ressourcenschonung,4.666666666666667
Ressourcenschutz,4.666666666666667
Ressourcenverbrauch,4.666666666666667
Restabfall,1.0
Resteverwertung,2.666666666666667
Restholz,1.0
Restmüll,1.0
Reststoff,2.0
Reststoffverwertung,4.0
Revierpark,2.0
Revitalisierung,2.666666666666667
Riffgat,3.0
Rohrleitungsbau-handwerk,1.0
Rohstoffeffizienz,4.333333333333333
Rohstoffkonzept,4.0
Rohstoffliche verwertung,3.666666666666667
Rohstoffrückgewinnung,4.666666666666667
Rostschutz,1.0
Rückbau,1.666666666666667
Rückbauarbeit,1.666666666666667
Rückstandverwertung,2.666666666666667
Rußfilter,1.666666666666667
Rußpartikelfilter,2.333333333333333
Saatlein,2.666666666666667
Salzpflanze,1.666666666666667
Samenpflanze,1.666666666666667
Sämling,1.666666666666667
Sandaufbereitung,3.0
Sandfilter,1.666666666666667
Sandwichbauweise,2.0
Sandwich-bauweise,2.0
Sandwichkonstruktion,2.0
Sanierung,2.0
Saubere energie,4.0
Sauerstoffverzehrkathode,2.0
Sauerstoff-verzehrkathode,2.0
Sauerstoffverzehrkathodentechnologie,2.0
Schädlingsbekämpfung,1.333333333333333
Schadstoff,2.66666666666667
Schadstoffanalytik,3.0
Schadstoffausstoß,3.666666666666667
Schadstoffbestimmung,3.0
Schadstoffemission,3.666666666666667
Schadstofferfassung,2.666666666666667
Schadstoffreduktion,4.333333333333333
Schadstoffreduzierung,4.333333333333333
Schalldämm-textilien,2.0
Schalldämmung,2.666666666666667
Schalldämpfer,2.333333333333333
Schallemission,2.666666666666667
schallgeschützt,2.333333333333333
Schallgutachten,2.333333333333333
Schallmessgerät,1.333333333333333
Schallpegelmesser,1.333333333333333
Schallschleuse,2.0
Schallschutz,2.666666666666667
Schallschutzfenster,1.666666666666667
Schallschutzgutachten,2.333333333333333
Schallschutzmassnahmen,1.666666666666667
Schiefergas,1.333333333333333
Schienenfahrzeug,1.333333333333333
Schlachtabfall,1.0
Schlachtabfälle,1.0
Schlammbehandlung,1.0
Schlammverwertung,2.333333333333333
Schlingpflanze,1.666666666666667
Schmarotzerpflanze,1.666666666666667
Schmutzwasser,1.333333333333333
Schnelladestation,3.666666666666667
Schnelleres aufladen,2.333333333333333
Schnellladestation,3.666666666666667
Schornsteinfeger,1.0
Schornsteinfegerin,1.0
Schrott,1.0
Schrottplatz,1.0
Schubbetrieb,1.0
Schuttabladeplatz,1.0
Schuttplatz,1.0
Schutzschicht,2.333333333333333
Schwarmkraftwerk,3.333333333333333
Schwingungsdämpfer,1.333333333333333
Schwingungsisolierer,2.0
Schwungspeicherung,2.333333333333333
Second hand,3.666666666666667
Sektorenkopplung,3.0
Sektorkopplung,3.0
Sekundärrohstoff,2.333333333333333
Sekundärrohstoffhandel,3.666666666666667
Sickerwasser,1.333333333333333
Siebmaschine,1.0
Siedlungsabfall,1.0
Siedlungswasserwirtschaft,1.666666666666667
Silphie,2.0
smart buildings,3.333333333333333
Smart city,3.333333333333333
Smart factories,3.333333333333333
Smart grid,3.666666666666667
Smart home,2.666666666666667
Sojaöl,2.0
Solar-,4.0
Solar energy,4.0
Solaranlage,4.0
Solar-automotive-produktion,4.0
Solarberater,4.0
solarbereich,4.0
Solarcarport,4.0
Solare kühlung,4.0
Solarenergie,4.0
Solarenergiegüter,4.0
Solarfahrzeug,4.0
Solarglasherstellung,4.0
Solar-großkraftwerk,4.0
Solarhelfer,4.0
Solarinstallation,4.0
Solarinverter,4.0
Solarkraftwerk,4.0
Solarmobil,4.0
Solarmodul,4.0
Solarmontage,4.0
Solar-monteur,4.0
Solarpanel,4.0
Solarpark,4.0
Solarplatte,4.0
Solarstrom,4.0
Solarstromanlage,4.0
Solartechnik,4.0
Solartechnologie,4.0
Solarthermie,4.0
Solarthermieanlage,4.0
solarthermisch,4.0
Solarwärmeanlage,4.0
Solarwechselrichter,4.0
Solarwirtschaft,4.0
Solarzelle,4.0
Sonderabfall,1.333333333333333
Sonderabfälle,1.333333333333333
Sondermüll,1.333333333333333
Sondersiebtechnik,2.0
Sonnenenergie,4.0
Sonnenstrom,4.0
Sortieranlage,2.333333333333333
Sortiertechnik,2.333333333333333
Sozialökologie,3.666666666666667
Spaltpflanze,1.666666666666667
Speicherfähigkeit,2.666666666666667
Speicherkraftwerk,3.333333333333333
Speichertechnik,3.0
Speichertechnologie,3.0
Speisereste,1.333333333333333
Sperrmüll,1.666666666666667
Sporenpflanze,1.666666666666667
Spritarm,3.666666666666667
spritsparend,3.666666666666667
Spritzmittel,1.0
Spurenstoffelimination,2.0
Stadtentwicklungskonzept,2.666666666666667
Stadtgarten,2.333333333333333
Stadtpark,2.333333333333333
Stahlschrott,1.0
Standby-optimierung,3.666666666666667
Stapelsolarzelle,4.0
Start-stop-automatik,3.666666666666667
Start-stopp-automatik,3.333333333333333
Start-stopp-funktion,3.0
Start-stopp-system,3.0
Stauanlage,2.333333333333333
Staubfilter,1.666666666666667
Staubmessung,2.0
Staudämme,2.333333333333333
Staumauern,2.333333333333333
Stausee,2.666666666666667
Steinwolle,2.333333333333333
Steuertechnik,1.0
Steuerungstechnik,1.0
Stickoxidemission,3.666666666666667
Stickstoffquelle,2.0
Stoffkreislauf,3.666666666666667
Stofflicher verwertung,3.333333333333333
Stoffstrommanagement,3.333333333333333
Stofftrennung,2.0
Strahlungsenergie,3.666666666666667
Strahlungsmessgerät,3.0
Straßenbaum,2.666666666666667
Straßenbegleitgrün,2.666666666666667
Straßenreinigung,2.0
Straßensanierung,1.0
Strombasierte neue verfahren,3.333333333333333
Strombedarf,1.666666666666667
Stromgeneratoren,1.0
Strommix,3.333333333333333
Stromspar-check,4.0
stromsparend,4.0
Stromsparprojekt,4.0
Stromspeicher,3.0
Stromspeicherung,3.0
Stromtanken,3.666666666666667
Stromtankstelle,3.666666666666667
Strömungsenergie,3.666666666666667
Stromverbrauch,2.666666666666667
Sturmschutz,2.333333333333333
Sukkulente,1.666666666666667
Süßwasserschutz,3.666666666666667
Sustainable business,4.333333333333333
Sustainable supply chain,4.0
tag-nacht-speich,2.333333333333333
Tailored blanks,2.0
Talsperren,2.666666666666667
Tandem,2.666666666666667
Tandemzelle,4.0
Taschenfilter,1.0
Technikanalyse,1.0
Tempomessung,3.0
Temporeduzierung,1.666666666666667
Thermische isolierung,2.666666666666667
Thermischen leistung,2.333333333333333
Thermografie,3.0
Thermographie,3.0
thin clients,1.666666666666667
Tieftemperaturprotease,1.0
Tiergarten,1.333333333333333
Tiergesundheitsmanagement,2.666666666666667
Tierkörperbeseitigung,2.0
Tierökologie,3.666666666666667
Tierpark,1.333333333333333
Tierreich,3.0
Tierschutz,4.0
Tierschutzbund,4.0
Tierschützer,4.0
Tierschützerin,4.0
Tierschutzgesetz,4.0
Tierseuchenbekämpfung,2.666666666666667
Tierwelt,3.333333333333333
Tierwohl,4.333333333333333
Tourenrad,2.666666666666667
Traktionsbatterie,3.0
Treibhausgasaustoßminderung,4.666666666666667
Treibhausgasemission,3.666666666666667
Treibhausgasminderung,4.666666666666667
Treibhausgas-minderungspotential,4.333333333333333
Treibhausgasreduktion,4.666666666666667
Treibhausgasreduzierend ,4.666666666666667
Treibhausgasvermeidung,4.666666666666667
treibhausreduziert,4.666666666666667
Trekkingrad,2.666666666666667
Trimmer,1.0
Trinkwasseraufbereitung,3.0
Trinkwassergewinnung,2.666666666666667
Trinkwasserhygienesystem,2.333333333333333
Trinkwasserschutz,3.666666666666667
Tripelzelle,4.0
Trittschalldämmung,1.666666666666667
Trockenbiotop,3.0
Trockenlegung,1.0
Tümpel,2.0
Twizy,3.333333333333333
Überfischung,4.0
Uferfiltrat,2.666666666666667
Ultrafiltration,2.666666666666667
Ultraschallzähler,1.0
Umgebungsluft,1.666666666666667
Umkehrosmose,1.0
Umspannwerke,1.0
Umwälzpumpe,1.0
Umwelt,4.333333333333333
Umweltaktivist,4.333333333333333
Umweltaktivistin,4.333333333333333
Umweltberatung,4.666666666666667
Umweltberichterstattung,4.333333333333333
Umweltbetriebsprüfung,4.333333333333333
Umweltbewusstsein,4.666666666666667
Umweltbilanz,4.666666666666667
Umweltbildung,4.666666666666667
Umweltchemie,3.0
Umweltcontrolling,4.666666666666667
Umweltdienstleistung,4.666666666666667
Umwelterziehung,4.0
umweltfreundlich,4.666666666666667
umweltgerecht,4.666666666666667
Umweltgutachten,4.666666666666667
Umwelthygiene,4.0
Umweltinformationssystem,4.666666666666667
Umweltinnovation,4.666666666666667
Umweltmanagement,4.666666666666667
Umweltmanagementsystem,4.0
Umwelt-managementsystem,4.0
Umweltmedizin,4.333333333333333
Umweltministerium,3.666666666666667
Umweltmonitoring,4.333333333333333
Umweltpädagogik,4.333333333333333
Umweltplanung,4.0
Umweltpolitik,4.666666666666667
Umweltrisikoreduzierung,4.666666666666667
Umweltschädenreduzierung,4.666666666666667
Umweltschadensgesetz,4.0
Umweltschadensrecht,4.0
umweltschonend,4.666666666666667
Umweltschutz,5.0
Umweltschutzdienstleistung,5.0
Umweltschützer,5.0
Umweltschutzpolitik,4.666666666666667
Umweltstandard,4.666666666666667
Umwelttechnik,4.0
Umwelttechnikdienstleistung,4.333333333333333
Umwelttechnologie,4.0
Umweltverfahrenstechnik,4.333333333333333
Umweltverschmutzungsreduzierung,4.666666666666667
umweltverträglich,5.0
Umweltwissenschaft,4.666666666666667
Umweltwissenschaftler,4.666666666666667
Umwidmung,3.0
Unkrautbekämpfung,1.333333333333333
Unrat,1.0
Unternehmensbürgerschaft,3.0
Unternehmensverantwortung,3.666666666666667
Unterwasser,2.0
Upcycling,4.0
Urban mining,4.0
Vakuumröhrenkollektor,2.333333333333333
Velo,3.333333333333333
Ventilator,1.0
Verbrauchsarme,4.333333333333333
Verbrennungsanlage,1.0
Verbund ökohöfe,4.0
Verbundmaterial,1.0
Verbundwerkstoff,1.0
Verdunstungskälte,1.666666666666667
Verfahrenstechnik,1.0
Verflüssiger,1.0
Vergärungsverfahren,1.0
Verkehrsflusssteuerung,3.0
Verkehrskonzept,3.0
Verkehrsleitsystem,1.0
Verkehrsrechner,2.0
Verlustfreie luftführung,2.333333333333333
Verpackungsabfall,1.666666666666667
Verpackungsmüll,1.666666666666667
Verpackungstechnik,2.0
Verpressung,1.666666666666667
Verschleißschutz,3.333333333333333
Versickerung,1.0
Versorgungssicherheit,2.0
Versorgungstechnik,1.666666666666667
Verteilerkästen,1.0
Verteilnetz,1.0
Vertragsnaturschutz,5.0
Viehhaltung,1.0
Virtualisierung,2.333333333333333
Virtuelles kraftwerk,3.333333333333333
Vogelschutz,4.333333333333333
Vogelwelt,3.333333333333333
Volksgarten,2.333333333333333
Volkspark,2.333333333333333
Vorschaltgerät,1.0
Waldbewirtschaftung,2.0
Waldbrandbekämpfung,2.0
Waldgesellschaft,4.0
Waldhackgut,3.0
Waldökosystem,4.0
Waldpädagogik,4.333333333333333
Waldpark,2.666666666666667
Waldpflanze,2.333333333333333
Waldschutz,4.333333333333333
Wärmebedarf,1.666666666666667
Wärmebereitstellung,2.0
Wärmedämmstoff,2.333333333333333
Wärmedämmung,3.0
Wärmedämmverbundsystem,3.0
Wärmeerzeuger,2.0
Wärmegedämmt,3.0
Wärmegewinnung,2.0
Wärmeisolation,3.0
Wärmeisolierung,3.0
Wärmekraftkoppelungsanlage,3.0
Wärmekraftmaschine,2.333333333333333
Wärmekraftwerk,2.333333333333333
Wärmenetz,2.333333333333333
Wärmepumpe,2.333333333333333
Wärmerückgewinnung,3.0
Wärmespeicherung,2.666666666666667
Wärmestrahlung,1.333333333333333
wärmetausch,2.666666666666667
Wärmeverbrauch,2.0
Wärmeversorgung,1.666666666666667
Wärmeverteilung,1.333333333333333
Warmwasseraufbereitung,1.0
Warmwasserbereitung,1.0
Wartungsarm,2.0
Wasseranalyse,2.0
Wasseraufbereitung,2.333333333333333
Wasseraufbereitungsanlage,2.333333333333333
Wasserbau,1.666666666666667
Wasserenergie,4.0
Wasserentnahme,1.666666666666667
Wasserförderung,1.0
wassergefährdend,2.333333333333333
Wassergewinnung,2.666666666666667
Wasserkraft,4.0
Wasserkraftnutzung,4.0
Wasserkraftwerk,3.666666666666667
Wasserkühlung,1.0
Wasserleitungsnetz,1.333333333333333
Wasserleitungssystem,1.333333333333333
Wassermanagementsystem,2.333333333333333
Wassernutzung,2.0
Wasserreinhaltung,4.0
Wasserreinigung,2.666666666666667
Wasserressource,3.0
Wasserschutz,3.333333333333333
Wasserspeicherung,2.0
Wasserstoffspeicherung,3.666666666666667
Wasserverbrauch,3.0
Wasserverteilung,1.666666666666667
Wasserwerk,2.0
Wasserwerkshandwerk,1.0
Wechselstrommotor,3.333333333333333
Wegeleitsystem,1.333333333333333
Wegoptimierung,2.666666666666667
Weidehaltung,2.666666666666667
Weidewirtschaft,2.0
Weinbau,1.0
Weiternutzung,4.0
Weiterverwertung,4.0
Wellenkraft,3.666666666666667
Werkstoffliche verwertung,3.0
Wertstoff,1.333333333333333
Wertstoffhof,3.333333333333333
Wertstoffzentrum,3.333333333333333
Wiederaufbereitung,3.333333333333333
Wiedervernässung,3.333333333333333
wiederverwenden,4.0
Wiederverwendung,4.0
Wiederverwertung,4.0
Wiesenpflanze,2.333333333333333
Wildpark,2.0
Wildpflanze,2.666666666666667
Windenergie,4.0
Windgenerator,4.0
Windkraft,4.0
Windkraftanlage,4.0
Windkraft-anlagen,4.0
Windkraftnutzung,4.0
Windkraftwerk,4.0
Windpark,4.0
Windrad,4.0
Windstrom,4.0
Wirkungsgrad,3.0
Wirtschaftsdünger,1.0
Wirtspflanze,1.666666666666667
Wood-plastic composite,3.0
Wood-plastic-composites,3.0
Wrack,1.0
Wüstenpflanze,2.0
Xerophyt,1.666666666666667
Zähl-und verbrauchsmessungssysteme,2.0
Zeigerpflanze,1.666666666666667
Zeolithe,3.333333333333333
Zero client,2.0
Zero emission,4.666666666666667
Zero emission mobility,4.666666666666667
Zero loss-konzept,5.0
Zero waste,5.0
Zoo,1.333333333333333
zoologisch,1.0
Zoologischer garten,1.333333333333333
Zukunftsstrategie,2.666666666666667
Zuluft,1.666666666666667
Zuluftanlage,1.333333333333333
Zwiebelgewächs,1.666666666666667
zwischenfrücht,2.333333333333333
Zylinderabschaltung,2.0
